icmr_var,icmr_label,nhanes_file,nhanes_var,nhanes_label,comparability,notes
v1,Participant ID,DEMO_L.xpt,SEQN,Respondent sequence number,Equivalent Concept,"Both serve as primary unique de-identified keys. SEQN is integer, v1 is numeric."
v2,Place of residence (Urban/Rural),DEMO_L.xpt,None (Restricted/Not in public file),N/A,Not Available in Public NHANES,NHANES suppresses geographic/urbanicity variables in public releases to protect participant confidentiality.
v3,State Code,DEMO_L.xpt,None (Restricted in RDC),N/A,Not Available in Public NHANES,State/County identifiers are restricted in NHANES. ICMR has specific Indian state codes.
v4,Age of participant (years),DEMO_L.xpt,RIDAGEYR,Age in years at screening,Direct Equivalent,Direct numeric match. NHANES top-codes age at 80 (80+). ICMR sample range is 20 to 89.
v5,"Sex (1=Male, 2=Female)",DEMO_L.xpt,RIAGENDR,"Gender (1=Male, 2=Female)",Exact Match,"Identical coding: 1=Male, 2=Female in both datasets."
v6,Education level,DEMO_L.xpt,DMDEDUC2,Education level - Adults 20+,Close Concept (Harmonizable),"ICMR: 3 tiers (No formal, School, Higher/Tech). NHANES: 5 tiers (1=<9th, 2=9-11th, 3=High school, 4=Some college, 5=College grad). Can be harmonized into 3 tiers."
v7,Occupation category,DEMO_L.xpt,OCD150 / OCQ180 (Restricted/Separate),Occupation questionnaire,Weak / Not Direct,Detailed occupation is in specialized NHANES modules; not in basic DEMO_L.
v8,Body Mass Index (BMI in kg/m2),BMX_L.xpt,BMXBMI,Body Mass Index (kg/m**2),Direct Equivalent,Standard anthropometric measurement. Continuous float in both.
v9,Waist circumference (cm),BMX_L.xpt,BMXWAIST,Waist Circumference (cm),Direct Equivalent,Continuous waist circumference measured in cm in both protocols.
v10,Systolic Blood Pressure (mmHg),BPXO_L.xpt,"BPXOSY1, BPXOSY2, BPXOSY3 (Mean)",Systolic blood pressure oscillometric,Direct Equivalent (Protocol Harmonized),NHANES records 3 oscillometric readings; protocol standard is taking the mean of valid readings.
v11,Diastolic Blood Pressure (mmHg),BPXO_L.xpt,"BPXODI1, BPXODI2, BPXODI3 (Mean)",Diastolic blood pressure oscillometric,Direct Equivalent (Protocol Harmonized),Mean of 3 oscillometric readings in NHANES corresponds directly to ICMR resting DBP.
v12,Migration status,DEMO_L.xpt,DMDBORN4,Country of birth (US / Other),Conceptual Only,ICMR captures rural-to-urban internal migration; NHANES captures immigration/foreign birth.
v13-v24,Standard of Living Index (SLI) items & score,DEMO_L.xpt,INDFMPIR,Ratio of family income to poverty,Conceptual Socioeconomic Proxy,ICMR uses housing/asset-based SLI tailored to developing nations. NHANES uses Federal Poverty Level Ratio (PIR).
v25,"Tobacco: Smoking (0=Never, 1=Ex, 2=Current)",SMQ_L.xpt,"SMQ020 (100 cigs?), SMQ040 (Now smoke?)",Smoking status variables,Harmonizable (CDC Standard),"SMQ020=2 -> Never (0); SMQ020=1 & SMQ040=3 -> Former (1); SMQ020=1 & SMQ040 in [1,2] -> Current (2)."
v26,"Tobacco: Smokeless (0=Never, 1=Ex, 2=Current)",SMQ_L.xpt,"SMQ120, SMQ150 (Chewing/Snuff/Dip)",Smokeless tobacco use,Harmonizable,NHANES records chewing tobacco and snuff separately.
v27,"Tobacco: Any form (0=No, 1=Yes)",SMQ_L.xpt,Derived from SMQ020/040,Any current or past tobacco use,Direct Derivation,Can be computed identically in NHANES by combining smoked and smokeless flags.
v28,"Alcohol use (0=Never, 1=Ex, 2=Current)",ALQ_L.xpt,"ALQ121 (Past 12 mo freq), ALQ111 (Ever drank)",Alcohol drinking frequency,Harmonizable,"Harmonizable into 3 categories: Never (ALQ111=2), Former (ALQ111=1 & ALQ121=0), Current (ALQ121 > 0)."
v29-v32,"Physical activity (GPAQ Work, Travel, Leisure, Overall)",PAQ_L.xpt,"PAD790Q, PAD800, PAD810Q, PAD820, PAD680",Physical Activity Questionnaire,Harmonizable to 3 Tiers (Low/Moderate/High),NHANES 2021-2023 records moderate/vigorous frequency and duration; harmonizable to GPAQ 3-tier overall physical activity.
v33,"Family history of Diabetes (0=No, 1=Yes)",MCQ_L.xpt,MCQ560 / DIQ160,Personal/family high blood sugar inquiry,Proxy in 2021-2023,NHANES 2021-2023 MCQ dropped dedicated family diabetes question MCQ300C; family history can be augmented or proxied.
v34,Family history of Hypertension,MCQ_L.xpt,None in 2021-2023 MCQ,N/A,Not Available in 2021-2023 NHANES,NHANES 2021-2023 dropped family HTN question.
v35,Family history of Heart Disease,MCQ_L.xpt,MCQ160B-F (Personal CVD),Personal CVD history,Close Proxy,Personal CVD history available in NHANES; ICMR has specific family history flag v35.
v36,"Diabetes (0=No, 1=Yes)",DIQ_L / GHB_L / GLU_L,"DIQ010, LBXGH (>=6.5), LBXGLU (>=126)",Diabetes diagnosis and lab thresholds,Direct Equivalent,Both employ standard ADA/WHO diagnostic criteria.
v37,"Prediabetes (0=No, 1=Yes)",DIQ_L / GHB_L / GLU_L,"DIQ160, LBXGH (5.7-6.4), LBXGLU (100-125)",Prediabetes / IFG / IGT,Direct Equivalent,Both employ ADA IFG/IGT/HbA1c prediabetes cutoffs.
v38,"Hypertension (0=No, 1=Yes)",BPQ_L / BPXO_L,"BPQ020, SBP>=140, DBP>=90",Hypertension diagnosis and BP readings,Direct Equivalent,ICMR: SBP>=140 or DBP>=90 or known HTN. NHANES allows exact same definition.
v39,"Abdominal obesity (0=No, 1=Yes)",BMX_L.xpt,"BMXWAIST (>=90M, >=80F for Asian Indian; >=102M, >=88F for US)",Waist circumference cutoff,Harmonizable by Cutoff Recalibration,"ICMR uses South Asian cutoffs (>=90cm Men, >=80cm Women). NHANES continuous waist allows applying either Asian or US cutoffs."
v40,"Generalized obesity (0=No, 1=Yes)",BMX_L.xpt,BMXBMI (>=25 for Asian Indian; >=30 for WHO/US),BMI cutoff,Harmonizable by Cutoff Recalibration,ICMR uses Asian Indian cutoff (BMI >= 25 kg/m2). NHANES continuous BMI allows applying Asian (>=25) or WHO (>=30) cutoffs.
v41,"Dyslipidemia (0=No, 1=Yes)",TCHOL / HDL / TRIGLY / BPQ,"LBXTC>=200, LBDHDD<40M/<50F, LBXTLG>=150, BPQ080, BPQ101D",Lipid profile abnormalities,Direct Equivalent,Both follow NCEP ATP III lipid abnormality criteria.
