file,variable,dtype,total_rows,null_count,null_pct,unique_values,min,max,mean,median,special_missing_codes
ALQ_L.xpt,SEQN,int64,6337,0,0.0,6337,130378.0,142310.0,136348.738,136397.0,None
ALQ_L.xpt,ALQ111,float64,6337,856,13.51,3,1.0,9.0,1.109,1.0,9:5
ALQ_L.xpt,ALQ121,float64,6337,1415,22.33,13,0.0,99.0,5.031,5.0,7:362; 9:517; 77:2; 99:3
ALQ_L.xpt,ALQ130,float64,6337,2268,35.79,17,1.0,999.0,5.843,2.0,7:17; 9:19; 777:4; 999:10
ALQ_L.xpt,ALQ142,float64,6337,2255,35.58,13,0.0,99.0,4.742,4.0,7:290; 9:398; 77:8; 99:12
ALQ_L.xpt,ALQ270,float64,6337,3971,62.66,13,0.0,99.0,4.838,4.0,7:183; 9:163; 77:4; 99:9
ALQ_L.xpt,ALQ280,float64,6337,3975,62.73,13,0.0,99.0,3.545,0.0,7:122; 9:114; 77:3; 99:7
ALQ_L.xpt,ALQ151,float64,6337,1436,22.66,4,1.0,9.0,1.821,2.0,7:1; 9:5
ALQ_L.xpt,ALQ170,float64,6337,3979,62.79,21,0.0,999.0,4.396,1.0,7:11; 9:9; 777:3; 999:3
BIOPRO_L.xpt,SEQN,int64,7199,0,0.0,7199,130378.0,142310.0,136328.408,136366.0,None
BIOPRO_L.xpt,WTPH2YR,float64,7199,0,0.0,6600,0.0,241728.857,38893.262,31031.846,None
BIOPRO_L.xpt,LBXSATSI,float64,7199,878,12.2,125,3.0,350.0,21.065,17.0,7:104; 9:216; 77:3; 99:1
BIOPRO_L.xpt,LBXSAL,float64,7199,833,11.57,33,2.2,5.5,4.099,4.1,None
BIOPRO_L.xpt,LBDSALSI,float64,7199,833,11.57,33,22.0,55.0,40.992,41.0,None
BIOPRO_L.xpt,LBXSAPSI,float64,7199,872,12.11,319,20.0,731.0,94.273,83.0,77:114; 99:60
BIOPRO_L.xpt,LBXSASSI,float64,7199,891,12.38,108,6.0,518.0,22.301,20.0,7:1; 9:14; 77:1
BIOPRO_L.xpt,LBXSC3SI,float64,7199,874,12.14,22,15.0,37.0,24.449,24.0,None
BIOPRO_L.xpt,LBXSBU,float64,7199,873,12.13,57,4.0,74.0,14.66,14.0,7:156; 9:348
BIOPRO_L.xpt,LBDSBUSI,float64,7199,873,12.13,57,1.4,26.4,5.236,5.0,None
BIOPRO_L.xpt,LBXSCLSI,float64,7199,870,12.09,33,82.0,133.0,101.424,102.0,99:481
BIOPRO_L.xpt,LBXSCK,float64,7199,878,12.2,565,10.0,16837.0,148.65,100.0,77:56; 99:44
BIOPRO_L.xpt,LBXSCR,float64,7199,873,12.13,188,0.33,15.17,0.873,0.83,None
BIOPRO_L.xpt,LBDSCRSI,float64,7199,873,12.13,188,29.17,1341.03,77.158,73.37,None
BIOPRO_L.xpt,LBXSGB,float64,7199,835,11.6,37,1.7,5.7,3.068,3.0,None
BIOPRO_L.xpt,LBDSGBSI,float64,7199,835,11.6,37,17.0,57.0,30.678,30.0,None
BIOPRO_L.xpt,LBXSGL,float64,7199,842,11.7,236,40.0,898.0,102.354,94.0,77:46; 99:181
BIOPRO_L.xpt,LBDSGLSI,float64,7199,842,11.7,29,2.0,50.0,5.661,5.0,7:292; 9:82
BIOPRO_L.xpt,LBXSGTSI,float64,7199,872,12.11,209,2.0,1541.0,28.082,18.0,7:90; 9:238; 77:3; 99:1
BIOPRO_L.xpt,LBDSGTLC,float64,7199,872,12.11,2,0.0,1.0,0.0,0.0,None
BIOPRO_L.xpt,LBXSIR,float64,7199,835,11.6,221,8.0,379.0,88.957,85.0,9:1; 77:84; 99:74
BIOPRO_L.xpt,LBDSIRSI,float64,7199,835,11.6,47,1.0,68.0,15.931,15.0,7:128; 9:266
BIOPRO_L.xpt,LBXSLDSI,float64,7199,2459,34.16,231,42.0,837.0,164.013,160.0,99:4
BIOPRO_L.xpt,LBXMAGN,float64,7199,875,12.15,21,0.7,2.8,1.97,2.0,None
BIOPRO_L.xpt,LBXSOSSI,float64,7199,877,12.18,59,240.0,334.0,279.276,279.0,None
BIOPRO_L.xpt,LBXSPH,float64,7199,877,12.18,49,1.6,7.0,3.609,3.6,7:1
BIOPRO_L.xpt,LBDSPHSI,float64,7199,877,12.18,49,0.52,2.26,1.166,1.16,None
BIOPRO_L.xpt,LBXSKSI,float64,7199,918,12.75,34,2.5,6.4,4.103,4.1,None
BIOPRO_L.xpt,LBXSNASI,float64,7199,833,11.57,31,120.0,167.0,139.44,140.0,None
BIOPRO_L.xpt,LBXSTB,float64,7199,874,12.14,39,0.11,14.2,0.498,0.4,None
BIOPRO_L.xpt,LBDSTBSI,float64,7199,1006,13.97,38,3.42,242.82,8.65,6.84,None
BIOPRO_L.xpt,LBDSTBLC,float64,7199,874,12.14,2,0.0,1.0,0.021,0.0,None
BIOPRO_L.xpt,LBXSCA,float64,7199,837,11.63,39,7.5,11.7,9.429,9.4,9:356
BIOPRO_L.xpt,LBDSCASI,float64,7199,837,11.63,11,1.9,2.9,2.37,2.4,None
BIOPRO_L.xpt,LBXSCH,float64,7199,871,12.1,262,63.0,454.0,184.96,181.0,99:5
BIOPRO_L.xpt,LBDSCHSI,float64,7199,871,12.1,262,1.63,11.76,4.79,4.69,None
BIOPRO_L.xpt,LBXSTP,float64,7199,835,11.6,40,5.0,9.1,7.167,7.2,7:565; 9:2
BIOPRO_L.xpt,LBDSTPSI,float64,7199,835,11.6,40,50.0,91.0,71.67,72.0,77:281
BIOPRO_L.xpt,LBXSTR,float64,7199,840,11.67,446,24.0,1724.0,128.15,104.0,77:67; 99:56
BIOPRO_L.xpt,LBDSTRSI,float64,7199,840,11.67,446,0.27,19.48,1.448,1.18,None
BIOPRO_L.xpt,LBXSUA,float64,7199,870,12.09,95,1.1,13.2,5.134,5.0,7:70; 9:7
BIOPRO_L.xpt,LBDSUASI,float64,7199,870,12.09,95,65.4,785.1,305.351,297.4,None
BMX_L.xpt,SEQN,int64,8860,0,0.0,8860,130378.0,142310.0,136345.828,136377.5,None
BMX_L.xpt,BMDSTATS,float64,8860,0,0.0,4,1.0,4.0,1.132,1.0,None
BMX_L.xpt,BMXWT,float64,8860,106,1.2,1389,2.7,248.2,70.549,71.7,7:4; 9:5; 77:9; 99:6
BMX_L.xpt,BMIWT,float64,8860,8515,96.11,3,1.0,4.0,2.881,3.0,None
BMX_L.xpt,BMXRECUM,float64,8860,8406,94.88,299,48.5,118.8,84.33,84.7,99:1
BMX_L.xpt,BMIRECUM,float64,8860,8842,99.8,1,1.0,1.0,1.0,1.0,None
BMX_L.xpt,BMXHEAD,float64,8860,8790,99.21,49,34.4,46.5,41.933,42.4,None
BMX_L.xpt,BMIHEAD,float64,8860,8860,100.0,0,,,,,None
BMX_L.xpt,BMXHT,float64,8860,361,4.07,995,79.1,200.7,159.665,163.6,99:3
BMX_L.xpt,BMIHT,float64,8860,8726,98.49,2,1.0,3.0,2.313,3.0,None
BMX_L.xpt,BMXBMI,float64,8860,389,4.39,451,11.1,74.8,27.247,26.4,None
BMX_L.xpt,BMDBMIC,float64,8860,6368,71.87,4,1.0,4.0,2.561,2.0,None
BMX_L.xpt,BMXLEG,float64,8860,1525,17.21,231,24.9,51.6,38.13,38.1,None
BMX_L.xpt,BMILEG,float64,8860,8464,95.53,1,1.0,1.0,1.0,1.0,None
BMX_L.xpt,BMXARML,float64,8860,292,3.3,351,10.0,49.2,35.112,36.5,None
BMX_L.xpt,BMIARML,float64,8860,8660,97.74,1,1.0,1.0,1.0,1.0,None
BMX_L.xpt,BMXARMC,float64,8860,298,3.36,391,12.0,63.3,30.56,31.2,None
BMX_L.xpt,BMIARMC,float64,8860,8655,97.69,1,1.0,1.0,1.0,1.0,None
BMX_L.xpt,BMXWAIST,float64,8860,670,7.56,1049,39.8,187.0,92.121,92.7,77:20; 99:28
BMX_L.xpt,BMIWAIST,float64,8860,8513,96.08,1,1.0,1.0,1.0,1.0,None
BMX_L.xpt,BMXHIP,float64,8860,2084,23.52,764,69.9,187.1,106.259,103.7,99:33
BMX_L.xpt,BMIHIP,float64,8860,8499,95.93,1,1.0,1.0,1.0,1.0,None
BPQ_L.xpt,SEQN,int64,8501,0,0.0,8501,130378.0,142310.0,136369.137,136402.0,None
BPQ_L.xpt,BPQ020,float64,8501,3,0.04,4,1.0,9.0,1.659,2.0,7:1; 9:10
BPQ_L.xpt,BPQ030,float64,8501,5533,65.09,4,1.0,9.0,1.229,1.0,7:1; 9:25
BPQ_L.xpt,BPQ150,float64,8501,5532,65.07,3,1.0,9.0,1.187,1.0,9:4
BPQ_L.xpt,BPQ080,float64,8501,3,0.04,4,1.0,9.0,1.68,2.0,7:1; 9:53
BPQ_L.xpt,BPQ101D,float64,8501,3,0.04,3,1.0,9.0,1.777,2.0,9:33
BPXO_L.xpt,SEQN,int64,7801,0,0.0,7801,130378.0,142310.0,136349.487,136382.0,None
BPXO_L.xpt,BPAOARM,object,7801,0,0.0,3,,,,,None
BPXO_L.xpt,BPAOCSZ,float64,7801,190,2.44,4,2.0,5.0,3.523,4.0,None
BPXO_L.xpt,BPXOSY1,float64,7801,284,3.64,137,61.0,232.0,119.289,117.0,77:4; 99:108
BPXO_L.xpt,BPXODI1,float64,7801,284,3.64,94,33.0,142.0,72.748,72.0,77:235; 99:25
BPXO_L.xpt,BPXOSY2,float64,7801,296,3.79,136,59.0,233.0,119.08,116.0,77:1; 99:101
BPXO_L.xpt,BPXODI2,float64,7801,296,3.79,89,32.0,139.0,72.09,71.0,77:230; 99:16
BPXO_L.xpt,BPXOSY3,float64,7801,321,4.11,146,50.0,232.0,118.918,116.0,77:4; 99:116
BPXO_L.xpt,BPXODI3,float64,7801,321,4.11,93,24.0,136.0,71.806,71.0,77:212; 99:20
BPXO_L.xpt,BPXOPLS1,float64,7801,284,3.64,89,35.0,158.0,72.338,71.0,77:194; 99:36
BPXO_L.xpt,BPXOPLS2,float64,7801,296,3.79,91,32.0,141.0,73.087,72.0,77:187; 99:39
BPXO_L.xpt,BPXOPLS3,float64,7801,321,4.11,93,31.0,154.0,73.685,73.0,77:213; 99:40
CBC_L.xpt,SEQN,int64,8727,0,0.0,8727,130378.0,142310.0,136351.108,136385.0,None
CBC_L.xpt,WTPH2YR,float64,8727,0,0.0,7425,0.0,253478.778,37080.516,29684.976,None
CBC_L.xpt,LBXWBCSI,float64,8727,1134,12.99,145,2.1,20.8,6.967,6.7,7:133; 9:59
CBC_L.xpt,LBXLYPCT,float64,8727,1145,13.12,557,3.1,78.9,31.936,31.1,7:2
CBC_L.xpt,LBXMOPCT,float64,8727,1145,13.12,160,1.3,25.9,8.078,7.8,7:167; 9:115
CBC_L.xpt,LBXNEPCT,float64,8727,1145,13.12,597,12.4,92.1,56.506,57.4,77:2
CBC_L.xpt,LBXEOPCT,float64,8727,1145,13.12,158,0.0,46.7,2.814,2.3,7:15; 9:6
CBC_L.xpt,LBXBAPCT,float64,8727,1145,13.12,35,0.0,4.2,0.79,0.75,None
CBC_L.xpt,LBDLYMNO,float64,8727,1145,13.12,75,0.2,9.8,2.175,2.1,None
CBC_L.xpt,LBDMONO,float64,8727,1145,13.12,18,0.1,1.8,0.55,0.5,None
CBC_L.xpt,LBDNENO,float64,8727,1145,13.12,124,0.5,16.1,4.004,3.8,7:33; 9:9
CBC_L.xpt,LBDEONO,float64,8727,1145,13.12,25,0.0,6.0,0.194,0.2,None
CBC_L.xpt,LBDBANO,float64,8727,1145,13.12,4,0.0,0.3,0.05,0.0,None
CBC_L.xpt,LBXRBCSI,float64,8727,1134,12.99,318,2.44,7.08,4.668,4.66,None
CBC_L.xpt,LBXHGB,float64,8727,1134,12.99,110,6.3,18.6,13.726,13.7,9:3
CBC_L.xpt,LBXHCT,float64,8727,1134,12.99,265,19.9,54.9,40.655,40.6,None
CBC_L.xpt,LBXMCVSI,float64,8727,1134,12.99,412,52.5,116.7,87.336,87.9,77:7; 99:11
CBC_L.xpt,LBXMC,float64,8727,1134,12.99,81,27.8,40.5,33.735,33.8,None
CBC_L.xpt,LBXMCHSI,float64,8727,1134,12.99,193,15.6,41.1,29.476,29.7,None
CBC_L.xpt,LBXRDW,float64,8727,1134,12.99,114,11.2,37.5,13.819,13.5,None
CBC_L.xpt,LBXPLTSI,float64,8727,1134,12.99,440,46.0,787.0,266.398,259.0,99:1
CBC_L.xpt,LBXMPSI,float64,8727,1134,12.99,67,5.5,12.9,8.089,8.0,7:195; 9:178
CBC_L.xpt,LBXNRBC,float64,8727,1145,13.12,13,0.0,4.0,0.074,0.1,None
DEMO_L.xpt,SEQN,int64,11933,0,0.0,11933,130378.0,142310.0,136344.0,136344.0,None
DEMO_L.xpt,SDDSRVYR,float64,11933,0,0.0,1,12.0,12.0,12.0,12.0,None
DEMO_L.xpt,RIDSTATR,float64,11933,0,0.0,2,1.0,2.0,1.742,2.0,None
DEMO_L.xpt,RIAGENDR,float64,11933,0,0.0,2,1.0,2.0,1.533,2.0,None
DEMO_L.xpt,RIDAGEYR,float64,11933,0,0.0,81,0.0,80.0,38.318,37.0,7:204; 9:223; 77:84
DEMO_L.xpt,RIDAGEMN,float64,11933,11556,96.84,25,0.0,24.0,11.629,11.0,7:21; 9:13
DEMO_L.xpt,RIDRETH1,float64,11933,0,0.0,5,1.0,5.0,3.105,3.0,None
DEMO_L.xpt,RIDRETH3,float64,11933,0,0.0,6,1.0,7.0,3.321,3.0,7:948
DEMO_L.xpt,RIDEXMON,float64,11933,3073,25.75,2,1.0,2.0,1.52,2.0,None
DEMO_L.xpt,RIDEXAGM,float64,11933,9146,76.64,240,0.0,239.0,121.909,122.0,7:21; 9:12; 77:6; 99:13
DEMO_L.xpt,DMQMILIZ,float64,11933,3632,30.44,3,1.0,7.0,1.917,2.0,7:1
DEMO_L.xpt,DMDBORN4,float64,11933,19,0.16,2,1.0,2.0,1.157,1.0,None
DEMO_L.xpt,DMDYRUSR,float64,11933,10058,84.29,8,1.0,99.0,7.335,6.0,77:13; 99:46
DEMO_L.xpt,DMDEDUC2,float64,11933,4139,34.69,6,1.0,9.0,3.805,4.0,9:11
DEMO_L.xpt,DMDMARTZ,float64,11933,4141,34.7,5,1.0,99.0,1.778,1.0,77:4; 99:5
DEMO_L.xpt,RIDEXPRG,float64,11933,10430,87.4,3,1.0,3.0,2.237,2.0,None
DEMO_L.xpt,DMDHHSIZ,float64,11933,0,0.0,7,1.0,7.0,3.243,3.0,7:624
DEMO_L.xpt,DMDHRGND,float64,11933,7818,65.52,2,1.0,2.0,1.564,2.0,None
DEMO_L.xpt,DMDHRAGZ,float64,11933,7809,65.44,4,1.0,4.0,2.54,2.0,None
DEMO_L.xpt,DMDHREDZ,float64,11933,8187,68.61,3,1.0,3.0,2.171,2.0,None
DEMO_L.xpt,DMDHRMAZ,float64,11933,7913,66.31,3,1.0,3.0,1.381,1.0,None
DEMO_L.xpt,DMDHSEDZ,float64,11933,9806,82.18,3,1.0,3.0,2.275,2.0,None
DEMO_L.xpt,WTINT2YR,float64,11933,0,0.0,9821,4584.463,170968.343,27404.136,21670.186,None
DEMO_L.xpt,WTMEC2YR,float64,11933,0,0.0,8138,0.0,227108.297,27404.136,21717.849,None
DEMO_L.xpt,SDMVSTRA,float64,11933,0,0.0,15,173.0,187.0,179.918,180.0,None
DEMO_L.xpt,SDMVPSU,float64,11933,0,0.0,2,1.0,2.0,1.492,1.0,None
DEMO_L.xpt,INDFMPIR,float64,11933,2041,17.1,471,0.0,5.0,2.708,2.5,None
DIQ_L.xpt,SEQN,int64,11744,0,0.0,11744,130378.0,142310.0,136347.896,136354.5,None
DIQ_L.xpt,DIQ010,float64,11744,4,0.03,4,1.0,9.0,1.934,2.0,9:4
DIQ_L.xpt,DID040,float64,11744,10663,90.8,76,1.0,999.0,70.017,50.0,7:3; 9:2; 77:1; 999:24
DIQ_L.xpt,DIQ160,float64,11744,3722,31.69,3,1.0,9.0,1.899,2.0,9:15
DIQ_L.xpt,DIQ180,float64,11744,3440,29.29,4,1.0,9.0,1.819,2.0,7:2; 9:265
DIQ_L.xpt,DIQ050,float64,11744,10663,90.8,2,1.0,2.0,1.682,2.0,None
DIQ_L.xpt,DID060,float64,11744,11401,97.08,42,1.0,999.0,40.318,9.0,7:20; 9:2; 999:8
DIQ_L.xpt,DIQ060U,float64,11744,11412,97.17,2,1.0,2.0,1.895,2.0,None
DIQ_L.xpt,DIQ070,float64,11744,9463,80.58,3,1.0,9.0,1.633,2.0,9:7
GHB_L.xpt,SEQN,int64,7199,0,0.0,7199,130378.0,142310.0,136328.408,136366.0,None
GHB_L.xpt,WTPH2YR,float64,7199,0,0.0,6600,0.0,241728.857,38893.262,31031.846,None
GHB_L.xpt,LBXGH,float64,7199,484,6.72,101,3.2,17.1,5.709,5.5,7:28; 9:1
GLU_L.xpt,SEQN,int64,3996,0,0.0,3996,130378.0,142309.0,136384.084,136412.5,None
GLU_L.xpt,WTSAF2YR,float64,3996,0,0.0,3315,0.0,561922.43,70068.217,56643.424,None
GLU_L.xpt,LBXGLU,float64,3996,324,8.11,199,59.0,561.0,107.885,100.0,77:8; 99:131
GLU_L.xpt,LBDGLUSI,float64,3996,324,8.11,182,3.28,31.1,5.989,5.55,None
HDL_L.xpt,SEQN,int64,8068,0,0.0,8068,130378.0,142310.0,136360.137,136391.0,None
HDL_L.xpt,WTPH2YR,float64,8068,0,0.0,7138,0.0,241728.857,37744.396,30264.727,None
HDL_L.xpt,LBDHDD,float64,8068,1178,14.6,102,22.0,159.0,54.113,52.0,77:31; 99:5
HDL_L.xpt,LBDHDDSI,float64,8068,1178,14.6,102,0.57,4.11,1.4,1.34,None
MCQ_L.xpt,SEQN,int64,11744,0,0.0,11744,130378.0,142310.0,136347.896,136354.5,None
MCQ_L.xpt,MCQ010,float64,11744,1,0.01,3,1.0,9.0,1.843,2.0,9:15
MCQ_L.xpt,MCQ035,float64,11744,9798,83.43,3,1.0,9.0,1.507,1.0,9:37
MCQ_L.xpt,MCQ040,float64,11744,10525,89.62,3,1.0,9.0,1.538,2.0,9:4
MCQ_L.xpt,MCQ050,float64,11744,10525,89.62,3,1.0,9.0,1.879,2.0,9:2
MCQ_L.xpt,AGQ030,float64,11744,1,0.01,3,1.0,9.0,1.831,2.0,9:11
MCQ_L.xpt,MCQ053,float64,11744,3,0.03,4,1.0,9.0,1.968,2.0,7:1; 9:7
MCQ_L.xpt,MCQ149,float64,11744,11310,96.3,3,1.0,9.0,1.885,2.0,9:2
MCQ_L.xpt,MCQ160A,float64,11744,3937,33.52,3,1.0,9.0,1.691,2.0,9:17
MCQ_L.xpt,MCQ195,float64,11744,9212,78.44,6,1.0,9.0,3.094,1.0,7:5; 9:496
MCQ_L.xpt,MCQ160B,float64,11744,3936,33.51,3,1.0,9.0,1.971,2.0,9:17
MCQ_L.xpt,MCQ160C,float64,11744,3937,33.52,3,1.0,9.0,1.979,2.0,9:34
MCQ_L.xpt,MCQ160D,float64,11744,3936,33.51,3,1.0,9.0,1.999,2.0,9:25
MCQ_L.xpt,MCQ160E,float64,11744,3937,33.52,3,1.0,9.0,1.969,2.0,9:13
MCQ_L.xpt,MCQ160F,float64,11744,3938,33.53,3,1.0,9.0,1.972,2.0,9:21
MCQ_L.xpt,MCQ160M,float64,11744,3938,33.53,4,1.0,9.0,1.882,2.0,7:1; 9:18
MCQ_L.xpt,MCQ170M,float64,11744,10691,91.03,3,1.0,9.0,1.365,1.0,9:23
MCQ_L.xpt,MCQ160P,float64,11744,3937,33.52,3,1.0,9.0,1.94,2.0,9:14
MCQ_L.xpt,MCQ160L,float64,11744,3937,33.52,4,1.0,9.0,1.957,2.0,7:2; 9:11
MCQ_L.xpt,MCQ170L,float64,11744,11319,96.38,4,1.0,9.0,2.329,1.0,7:1; 9:54
MCQ_L.xpt,MCQ500,float64,11744,10166,86.56,3,1.0,9.0,1.995,2.0,9:1
MCQ_L.xpt,MCQ510A,float64,11744,11484,97.79,3,1.0,99.0,13.269,1.0,77:2; 99:31
MCQ_L.xpt,MCQ510B,float64,11744,11740,99.97,1,2.0,2.0,2.0,2.0,None
MCQ_L.xpt,MCQ510C,float64,11744,11697,99.6,1,3.0,3.0,3.0,3.0,None
MCQ_L.xpt,MCQ510D,float64,11744,11682,99.47,1,4.0,4.0,4.0,4.0,None
MCQ_L.xpt,MCQ510E,float64,11744,11728,99.86,1,5.0,5.0,5.0,5.0,None
MCQ_L.xpt,MCQ510F,float64,11744,11665,99.33,1,6.0,6.0,6.0,6.0,None
MCQ_L.xpt,MCQ550,float64,11744,3937,33.52,4,1.0,9.0,1.906,2.0,7:1; 9:18
MCQ_L.xpt,MCQ560,float64,11744,3937,33.52,3,1.0,9.0,1.888,2.0,9:7
MCQ_L.xpt,MCQ220,float64,11744,3937,33.52,4,1.0,9.0,1.856,2.0,7:2; 9:5
MCQ_L.xpt,MCQ230A,float64,11744,10575,90.05,29,10.0,99.0,26.313,30.0,99:12
MCQ_L.xpt,MCQ230B,float64,11744,11585,98.65,22,10.0,39.0,28.654,32.0,None
MCQ_L.xpt,MCQ230C,float64,11744,11718,99.78,14,13.0,39.0,28.231,29.0,None
MCQ_L.xpt,MCQ230D,float64,11744,11742,99.98,1,66.0,66.0,66.0,66.0,None
MCQ_L.xpt,OSQ230,float64,11744,6021,51.27,3,1.0,9.0,1.709,2.0,9:36
PAQ_L.xpt,SEQN,int64,8153,0,0.0,8153,130378.0,142310.0,136378.395,136419.0,None
PAQ_L.xpt,PAD790Q,float64,8153,18,0.22,27,0.0,9999.0,60.142,2.0,7:524; 7777:10; 9999:39
PAQ_L.xpt,PAD790U,object,8153,0,0.0,5,,,,,None
PAQ_L.xpt,PAD800,float64,8153,1763,21.62,57,1.0,9999.0,93.438,60.0,7:3; 9999:19
PAQ_L.xpt,PAD810Q,float64,8153,14,0.17,24,0.0,9999.0,49.211,0.0,7:87; 9:2; 7777:4; 9999:36
PAQ_L.xpt,PAD810U,object,8153,0,0.0,5,,,,,None
PAQ_L.xpt,PAD820,float64,8153,4466,54.78,41,1.0,9999.0,97.571,45.0,7:1; 7777:1; 9999:13
PAQ_L.xpt,PAD680,float64,8153,15,0.18,52,0.0,9999.0,446.983,300.0,7:2; 7777:6; 9999:67
SMQ_L.xpt,SEQN,int64,9015,0,0.0,9015,130378.0,142310.0,136359.324,136392.0,None
SMQ_L.xpt,SMQ020,float64,9015,880,9.76,4,1.0,9.0,1.612,2.0,7:7; 9:7
SMQ_L.xpt,SMQ040,float64,9015,5772,64.03,3,1.0,3.0,2.34,3.0,None
SMQ_L.xpt,SMD641,float64,9015,8742,96.97,24,0.0,99.0,12.729,10.0,7:3; 99:5
SMQ_L.xpt,SMD650,float64,9015,7830,86.86,32,1.0,999.0,18.998,10.0,7:45; 9:4; 999:9
SMQ_L.xpt,SMD100MN,float64,9015,7840,86.97,3,0.0,9.0,0.414,0.0,9:3
SMQ_L.xpt,SMQ621,float64,9015,8243,91.44,9,1.0,99.0,1.281,1.0,7:2; 99:1
SMQ_L.xpt,SMD630,float64,9015,8992,99.74,8,9.0,16.0,13.174,13.0,9:1
SMQ_L.xpt,SMAQUEX2,float64,9015,0,0.0,2,1.0,2.0,1.096,1.0,None
TCHOL_L.xpt,SEQN,int64,8068,0,0.0,8068,130378.0,142310.0,136360.137,136391.0,None
TCHOL_L.xpt,WTPH2YR,float64,8068,0,0.0,7138,0.0,241728.857,37744.396,30264.727,None
TCHOL_L.xpt,LBXTC,float64,8068,1178,14.6,264,62.0,438.0,181.541,178.0,99:7
TCHOL_L.xpt,LBDTCSI,float64,8068,1178,14.6,264,1.6,11.33,4.695,4.6,None
TRIGLY_L.xpt,SEQN,int64,3996,0,0.0,3996,130378.0,142309.0,136384.084,136412.5,None
TRIGLY_L.xpt,WTSAF2YR,float64,3996,0,0.0,3315,0.0,561922.43,70068.217,56643.424,None
TRIGLY_L.xpt,LBXTLG,float64,3996,479,11.99,338,19.0,1745.0,115.967,96.0,77:34; 99:30
TRIGLY_L.xpt,LBDTRSI,float64,3996,479,11.99,338,0.215,19.701,1.309,1.084,None
TRIGLY_L.xpt,LBDLDL,float64,3996,516,12.91,204,3.0,314.0,105.697,102.0,77:34; 99:47
TRIGLY_L.xpt,LBDLDLSI,float64,3996,516,12.91,204,0.078,8.12,2.733,2.638,None
TRIGLY_L.xpt,LBDLDLM,float64,3996,516,12.91,199,17.0,313.0,106.774,103.0,77:35; 99:52
TRIGLY_L.xpt,LBDLDMSI,float64,3996,516,12.91,199,0.44,8.094,2.761,2.664,None
TRIGLY_L.xpt,LBDLDLN,float64,3996,483,12.09,205,13.0,314.0,107.737,104.0,77:33; 99:49
TRIGLY_L.xpt,LBDLDNSI,float64,3996,483,12.09,205,0.336,8.12,2.786,2.689,None
