target,mode,model,train_n,validation_n,test_n,roc_auc_validation,pr_auc_validation,accuracy_validation,precision_validation,recall_validation,f1_validation,specificity_validation,brier_validation,roc_auc_test,pr_auc_test,accuracy_test,precision_test,recall_test,f1_test,specificity_test,brier_test
cvd,mode_a,logistic_regression,5464,1171,1172,0.8166387648809523,0.3714100778394632,0.8778821520068317,0.5714285714285714,0.10884353741496598,0.18285714285714286,0.98828125,0.092433861594336,0.8124637088260135,0.3791830042993819,0.8745733788395904,0.5294117647058824,0.060810810810810814,0.10909090909090909,0.9921875,0.09285356690416953
cvd,mode_a,logistic_regression_balanced,5464,1171,1172,0.8159080038265306,0.37457866845544413,0.6968403074295474,0.2647058823529412,0.7959183673469388,0.39728353140916806,0.6826171875,0.18517014300305298,0.8105435758023648,0.37396747006525205,0.7073378839590444,0.26506024096385544,0.7432432432432432,0.3907637655417407,0.7021484375,0.1757932932583684
cvd,mode_a,random_forest,5464,1171,1172,0.7820936968537415,0.31398766406584827,0.8710503842869343,0.4090909090909091,0.061224489795918366,0.10650887573964497,0.9873046875,0.09777388924471013,0.7821473817567566,0.35120713827648553,0.8745733788395904,0.5217391304347826,0.08108108108108109,0.14035087719298245,0.9892578125,0.09559116839685247
cvd,mode_a,random_forest_balanced,5464,1171,1172,0.7946594653486395,0.3224590243998574,0.8445772843723314,0.366412213740458,0.32653061224489793,0.34532374100719426,0.9189453125,0.11046698012435831,0.7754896009290542,0.30906806638729245,0.8506825938566553,0.3805309734513274,0.2905405405405405,0.32950191570881227,0.931640625,0.11110332422125545
cvd,mode_a,hist_gradient_boosting,5464,1171,1172,0.7863121811224489,0.3123064028153735,0.8676345004269855,0.41304347826086957,0.1292517006802721,0.19689119170984457,0.9736328125,0.10023529579811166,0.7916127797719594,0.35513094842460957,0.8703071672354948,0.4444444444444444,0.10810810810810811,0.17391304347826086,0.98046875,0.09658670752639871
cvd,mode_a,hist_gradient_boosting_balanced,5464,1171,1172,0.774952168367347,0.3114170982142346,0.7745516652433817,0.2872727272727273,0.5374149659863946,0.3744075829383886,0.80859375,0.14016499605620383,0.7920284786739865,0.3662036660654217,0.8003412969283277,0.3237704918032787,0.5337837837837838,0.4030612244897959,0.8388671875,0.12781087882398065
cvd,mode_b,logistic_regression,5464,1171,1172,0.8318651679421769,0.42084025741769737,0.8830059777967549,0.6388888888888888,0.1564625850340136,0.25136612021857924,0.9873046875,0.08885817947812262,0.8200320682010134,0.4288780761241,0.8839590443686007,0.65,0.17567567567567569,0.2765957446808511,0.986328125,0.08960550097869946
cvd,mode_b,logistic_regression_balanced,5464,1171,1172,0.8323368409863945,0.4221390411102569,0.7284372331340735,0.2929782082324455,0.8231292517006803,0.43214285714285716,0.71484375,0.173907819325858,0.8191412848395271,0.4219452110922162,0.726962457337884,0.27835051546391754,0.7297297297297297,0.40298507462686567,0.7265625,0.16539865560168138
cvd,mode_b,random_forest,5464,1171,1172,0.8134798841411566,0.35871345868501675,0.8719043552519214,0.43478260869565216,0.06802721088435375,0.11764705882352941,0.9873046875,0.09289609011765822,0.7996001372466217,0.37632203075642484,0.8796928327645052,0.6521739130434783,0.10135135135135136,0.17543859649122806,0.9921875,0.09346377334565793
cvd,mode_b,random_forest_balanced,5464,1171,1172,0.8250491602891157,0.3922884067251685,0.8650725875320239,0.45985401459854014,0.42857142857142855,0.44366197183098594,0.927734375,0.10069283960498518,0.7972643053209458,0.3388296678823315,0.8583617747440273,0.41818181818181815,0.3108108108108108,0.35658914728682173,0.9375,0.10493186736087373
cvd,mode_b,hist_gradient_boosting,5464,1171,1172,0.8111381271258504,0.36747236914673803,0.8727583262169086,0.48,0.16326530612244897,0.2436548223350254,0.974609375,0.09525432565727929,0.8023747624577703,0.3979845116945762,0.8762798634812287,0.5384615384615384,0.14189189189189189,0.22459893048128343,0.982421875,0.09436956178889339
cvd,mode_b,hist_gradient_boosting_balanced,5464,1171,1172,0.812679368622449,0.41782174668774386,0.8266438941076003,0.3738738738738739,0.564625850340136,0.44986449864498645,0.8642578125,0.11584749498176827,0.790916649070946,0.3760837145752774,0.825938566552901,0.3613861386138614,0.49324324324324326,0.41714285714285715,0.8740234375,0.12015959588559746
diabetes,mode_a,logistic_regression,5464,1171,1171,0.792535346273664,0.4119877335773326,0.8266438941076003,0.5352112676056338,0.18269230769230768,0.2724014336917563,0.9657320872274143,0.12473618932569856,0.7831396277657959,0.4178137612717756,0.8274978650725875,0.5441176470588235,0.1778846153846154,0.26811594202898553,0.9678089304257529,0.12503176773178826
diabetes,mode_a,logistic_regression_balanced,5464,1171,1171,0.7927749820273184,0.4127908718045443,0.7062339880444065,0.34545454545454546,0.7307692307692307,0.4691358024691358,0.7009345794392523,0.19269895381076432,0.7841081556034828,0.4182580295037425,0.6942783945345858,0.33766233766233766,0.75,0.46567164179104475,0.6822429906542056,0.1953915087236222
diabetes,mode_a,random_forest,5464,1171,1171,0.7874805295950156,0.3933298936141372,0.8129803586678053,0.4246575342465753,0.14903846153846154,0.2206405693950178,0.956386292834891,0.12477198975234842,0.7586119098969567,0.39823165578169145,0.8240819812126388,0.5142857142857142,0.17307692307692307,0.2589928057553957,0.9646936656282451,0.12800093936806148
diabetes,mode_a,random_forest_balanced,5464,1171,1171,0.7881594975637033,0.37293195149662195,0.7865072587532024,0.4027777777777778,0.4182692307692308,0.41037735849056606,0.8660436137071651,0.1384089666951324,0.7673036983784648,0.38520980640852026,0.7865072587532024,0.4027777777777778,0.4182692307692308,0.41037735849056606,0.8660436137071651,0.14269231426131512
diabetes,mode_a,hist_gradient_boosting,5464,1171,1171,0.7966890326703411,0.4057105891343823,0.8189581554227157,0.4791666666666667,0.22115384615384615,0.3026315789473684,0.9480789200415368,0.12667229713402284,0.7809529515136991,0.4145213390745267,0.8240819812126388,0.51,0.24519230769230768,0.33116883116883117,0.9491173416407062,0.12716784765887543
diabetes,mode_a,hist_gradient_boosting_balanced,5464,1171,1171,0.7925927590063104,0.40908662148058306,0.7591801878736123,0.3871951219512195,0.6105769230769231,0.47388059701492535,0.7912772585669782,0.15718993121574965,0.7917789959261922,0.45408030023694834,0.7583262169086251,0.38095238095238093,0.5769230769230769,0.4588910133843212,0.7975077881619937,0.15782502420739145
diabetes,mode_b,logistic_regression,5464,1171,1171,0.815735082674335,0.48212641256088234,0.8351836037574722,0.5675675675675675,0.30288461538461536,0.3949843260188088,0.9501557632398754,0.11845976395594979,0.7938283808610912,0.42846914750576337,0.8343296327924851,0.5673076923076923,0.28365384615384615,0.3782051282051282,0.9532710280373832,0.12495997383924816
diabetes,mode_b,logistic_regression_balanced,5464,1171,1171,0.816653686396677,0.48596494674948976,0.7258753202391118,0.36117936117936117,0.7067307692307693,0.47804878048780486,0.7300103842159917,0.17919153709847468,0.796569214793514,0.4307279333602515,0.7113578138343296,0.34813084112149534,0.7163461538461539,0.46855345911949686,0.7102803738317757,0.18680011605645125
diabetes,mode_b,random_forest,5464,1171,1171,0.8032840083073728,0.4579900333402236,0.8309137489325363,0.5609756097560976,0.22115384615384615,0.31724137931034485,0.9626168224299065,0.1191936806148591,0.780086768112469,0.436259906444618,0.8300597779675492,0.5584415584415584,0.20673076923076922,0.3017543859649123,0.9646936656282451,0.1231596071733561
diabetes,mode_b,random_forest_balanced,5464,1171,1171,0.8062569893761483,0.4399635854627179,0.8035866780529461,0.44660194174757284,0.4423076923076923,0.4444444444444444,0.881619937694704,0.13048864218616568,0.774085889448039,0.39656955410089056,0.7907771135781383,0.40703517587939697,0.3894230769230769,0.39803439803439805,0.877466251298027,0.13925918018787362
diabetes,mode_b,hist_gradient_boosting,5464,1171,1171,0.8233734723220705,0.4644124070707605,0.8360375747224594,0.5645161290322581,0.33653846153846156,0.42168674698795183,0.9439252336448598,0.12041324287514285,0.8002536145059509,0.45937635695282203,0.8309137489325363,0.5520833333333334,0.2548076923076923,0.34868421052631576,0.9553478712357217,0.12278239599824009
diabetes,mode_b,hist_gradient_boosting_balanced,5464,1171,1171,0.8139677689911334,0.4637842591914838,0.7899231426131511,0.43014705882352944,0.5625,0.4875,0.8390446521287642,0.14155917701059648,0.8036834012301302,0.4503136896429478,0.7873612297181896,0.4259927797833935,0.5673076923076923,0.4865979381443299,0.8348909657320872,0.1447599179745164
hypertension,mode_a,logistic_regression,5460,1170,1170,0.7884417910447762,0.6807003773525591,0.7247863247863248,0.6765873015873016,0.682,0.6792828685258964,0.7567164179104477,0.18455606877517497,0.7662806985058044,0.6549967143152768,0.7008547008547008,0.6548856548856549,0.6312625250501002,0.6428571428571429,0.7526080476900149,0.19434918749874963
hypertension,mode_a,logistic_regression_balanced,5460,1170,1170,0.7882955223880597,0.6802593350355381,0.7230769230769231,0.6466666666666666,0.776,0.7054545454545454,0.6835820895522388,0.18734910663660556,0.7661463015449677,0.6540889268491459,0.7085470085470086,0.6343537414965986,0.7474949899799599,0.6862925482980681,0.6795827123695977,0.19664065527677071
hypertension,mode_a,random_forest,5460,1170,1170,0.7788194029850746,0.6746192646979343,0.7042735042735043,0.6533864541832669,0.656,0.654690618762475,0.7402985074626866,0.1888175287037037,0.743727395177837,0.6446457912082283,0.6829059829059829,0.6245136186770428,0.6432865731462926,0.633761105626851,0.7123695976154992,0.2026675255547803
hypertension,mode_a,random_forest_balanced,5460,1170,1170,0.7771343283582091,0.6678584844278865,0.7136752136752137,0.6470588235294118,0.726,0.6842601319509897,0.7044776119402985,0.19076833363373838,0.739363973849338,0.6365762471368073,0.676923076923077,0.6102003642987249,0.6713426853707415,0.6393129770992366,0.6810730253353204,0.205827312654321
hypertension,mode_a,hist_gradient_boosting,5460,1170,1170,0.7709014925373134,0.6709062412573845,0.7145299145299145,0.6666666666666666,0.664,0.6653306613226453,0.7522388059701492,0.19366575261336944,0.7454850087656685,0.6629615468994222,0.6854700854700855,0.6328600405679513,0.625250501002004,0.6290322580645161,0.7302533532041728,0.2044037070950343
hypertension,mode_a,hist_gradient_boosting_balanced,5460,1170,1170,0.7731223880597015,0.6702755890208828,0.7085470085470086,0.6392294220665499,0.73,0.6816059757236228,0.6925373134328359,0.1936463674882789,0.7470111609209475,0.6618263971688245,0.6871794871794872,0.6160558464223386,0.7074148296593187,0.6585820895522388,0.6721311475409836,0.2057093596834927
hypertension,mode_b,logistic_regression,5460,1170,1170,0.7938388059701493,0.7002065258729263,0.7264957264957265,0.6750972762645915,0.694,0.6844181459566075,0.7507462686567165,0.1827175663993723,0.7727466856216159,0.6742612539556623,0.7008547008547008,0.6575052854122622,0.6232464929859719,0.6399176954732511,0.7585692995529061,0.19188748555848403
hypertension,mode_b,logistic_regression_balanced,5460,1170,1170,0.7936298507462687,0.6995901848277468,0.7256410256410256,0.6509274873524452,0.772,0.7063129002744739,0.691044776119403,0.1856559315298343,0.7724808782990722,0.6731623680684586,0.717948717948718,0.6464471403812825,0.7474949899799599,0.6933085501858736,0.6959761549925484,0.19374888560070863
hypertension,mode_b,random_forest,5460,1170,1170,0.789134328358209,0.6943461407671543,0.7222222222222222,0.6712328767123288,0.686,0.6785361028684471,0.7492537313432835,0.18504140895061727,0.7592308312601358,0.6594356191918922,0.7042735042735043,0.6539235412474849,0.6513026052104208,0.6526104417670683,0.7436661698956781,0.19677376474358976
hypertension,mode_b,random_forest_balanced,5460,1170,1170,0.7918044776119403,0.7006615098777339,0.7324786324786324,0.6696914700544465,0.738,0.7021883920076119,0.7283582089552239,0.18491616011396012,0.7583647175125214,0.6566335497049088,0.6914529914529914,0.625,0.6913827655310621,0.6565176022835395,0.6915052160953801,0.19766627839506173
hypertension,mode_b,hist_gradient_boosting,5460,1170,1170,0.797102985074627,0.7149492726873301,0.7239316239316239,0.6773547094188377,0.676,0.6766766766766766,0.7597014925373134,0.18178459671282135,0.7633179921691372,0.6755291224594511,0.6854700854700855,0.638477801268499,0.6052104208416834,0.6213991769547325,0.7451564828614009,0.1983353929839181
hypertension,mode_b,hist_gradient_boosting_balanced,5460,1170,1170,0.7983149253731343,0.7186025857228313,0.7239316239316239,0.6571936056838366,0.74,0.6961429915333961,0.7119402985074627,0.18271614332849218,0.7636599577694883,0.674812375359438,0.7034188034188035,0.6402214022140221,0.6953907815631263,0.6666666666666666,0.7093889716840537,0.19818553615666898
