target,mode,feature,mean_abs_shap,rank,n_test
CVD,A,age,0.06419314409532809,1,1172
CVD,A,smoking_status,0.018282195306560004,2,1172
CVD,A,physical_activity_level,0.014613312311573767,3,1172
CVD,A,waist_circumference,0.013572886679158132,4,1172
CVD,A,education_level,0.010528124301322335,5,1172
CVD,A,mean_sbp,0.00937212811051132,6,1172
CVD,A,poverty_income_ratio,0.008771194458833464,7,1172
CVD,A,mean_dbp,0.008348889244893036,8,1172
CVD,A,gender,0.007690402066684618,9,1172
CVD,A,sedentary_minutes,0.005283666856752718,10,1172
CVD,B,age,0.07435933452204208,1,1172
CVD,B,total_cholesterol,0.02463986787407564,2,1172
CVD,B,hba1c,0.00946508935604144,3,1172
CVD,B,physical_activity_level,0.008576869389169454,4,1172
CVD,B,smoking_status,0.007732041135886418,5,1172
CVD,B,serum_creatinine,0.007647802763822579,6,1172
CVD,B,rdw,0.006773793199336033,7,1172
CVD,B,poverty_income_ratio,0.006769770531511584,8,1172
CVD,B,waist_circumference,0.004302087037814412,9,1172
CVD,B,education_level,0.004292507053088778,10,1172
Diabetes,A,age,0.773966211318229,1,1171
Diabetes,A,waist_circumference,0.3694381628160317,2,1171
Diabetes,A,mean_dbp,0.2958667652621149,3,1171
Diabetes,A,mean_pulse,0.2759907755950494,4,1171
Diabetes,A,bmi,0.24743483088204285,5,1171
Diabetes,A,mean_sbp,0.22679448475863062,6,1171
Diabetes,A,poverty_income_ratio,0.1500359633266777,7,1171
Diabetes,A,education_level,0.14816677898713956,8,1171
Diabetes,A,physical_activity_level,0.0939083818199597,9,1171
Diabetes,A,sedentary_minutes,0.08378233438833621,10,1171
Diabetes,B,age,0.6330646276473999,1,1171
Diabetes,B,waist_circumference,0.2420758605003357,2,1171
Diabetes,B,total_cholesterol,0.18920370936393738,3,1171
Diabetes,B,bmi,0.18432675302028656,4,1171
Diabetes,B,mean_pulse,0.16580766439437866,5,1171
Diabetes,B,hdl_cholesterol,0.13979800045490265,6,1171
Diabetes,B,mean_dbp,0.13812658190727234,7,1171
Diabetes,B,triglycerides,0.12010836601257324,8,1171
Diabetes,B,mean_sbp,0.11143852025270462,9,1171
Diabetes,B,poverty_income_ratio,0.09923451393842697,10,1171
Hypertension,A,age,0.9661336029446297,1,1170
Hypertension,A,bmi,0.20564587061738587,2,1170
Hypertension,A,mean_pulse,0.09274446914109032,3,1170
Hypertension,A,sedentary_minutes,0.08969337517143966,4,1170
Hypertension,A,waist_circumference,0.08915982920928718,5,1170
Hypertension,A,poverty_income_ratio,0.08820556314072636,6,1170
Hypertension,A,education_level,0.07497496369012786,7,1170
Hypertension,A,gender,0.05034742433626826,8,1170
Hypertension,A,smoking_status,0.044125324201532416,9,1170
Hypertension,A,physical_activity_level,0.03706544143595293,10,1170
Hypertension,B,age,0.17117114344937082,1,1170
Hypertension,B,hba1c,0.0402011071982795,2,1170
Hypertension,B,waist_circumference,0.02707874992948962,3,1170
Hypertension,B,bmi,0.023936468585646554,4,1170
Hypertension,B,serum_uric_acid,0.009621741819063018,5,1170
Hypertension,B,poverty_income_ratio,0.009422718305321714,6,1170
Hypertension,B,mean_pulse,0.009238881808280652,7,1170
Hypertension,B,fasting_glucose,0.007709807988034183,8,1170
Hypertension,B,sedentary_minutes,0.0074258111770638645,9,1170
Hypertension,B,ldl_cholesterol,0.007121102281838755,10,1170
